<?xml version="1.0" encoding="UTF-8"?>
<project-private xmlns="http://www.netbeans.org/ns/project-private/1">
    <editor-bookmarks xmlns="http://www.netbeans.org/ns/editor-bookmarks/2" lastBookmarkId="0"/>
    <open-files xmlns="http://www.netbeans.org/ns/projectui-open-files/2">
        <group>
            <file>file:/home/axegas/2dam/NetBeans/Series/src/controller/Controller.java</file>
            <file>file:/home/axegas/2dam/NetBeans/Series/src/view/FrameShows.java</file>
            <file>file:/home/axegas/2dam/NetBeans/Series/src/model/Show.java</file>
            <file>file:/home/axegas/2dam/NetBeans/Series/src/model/ListShow.java</file>
            <file>file:/home/axegas/2dam/NetBeans/Series/src/series/Main.java</file>
            <file>file:/home/axegas/2dam/NetBeans/Series/src/model/Access.java</file>
        </group>
    </open-files>
</project-private>
