<?xml version="1.0" encoding="UTF-8"?>
<project-private xmlns="http://www.netbeans.org/ns/project-private/1">
    <editor-bookmarks xmlns="http://www.netbeans.org/ns/editor-bookmarks/2" lastBookmarkId="0"/>
    <open-files xmlns="http://www.netbeans.org/ns/projectui-open-files/2">
        <group>
            <file>file:/home/axegas/2dam/NetBeans/MySQLTest/src/controller/JListController.java</file>
            <file>file:/home/axegas/2dam/NetBeans/MySQLTest/src/DAO/ClientDAO.java</file>
            <file>file:/home/axegas/2dam/NetBeans/MySQLTest/src/DAO/Connect.java</file>
            <file>file:/home/axegas/2dam/NetBeans/MySQLTest/src/mysqltest/MySQLTest.java</file>
            <file>file:/home/axegas/2dam/NetBeans/MySQLTest/src/UI/JListFrame.java</file>
        </group>
    </open-files>
</project-private>
